platform,case,corpus,n,epsilon_per_trial,delta_per_trial,sigma,trials,release_rate,target_recovery_rate,target_count_in_histogram,scope,release_rate_wilson95,target_recovery_rate_wilson95,epsilon,all_step_terms_rate,step_term_rates,unique_identifier_rate,shared_identifier_rate,sensitive_fragment_hits,unique_identifier_rate_wilson95,shared_identifier_rate_wilson95,all_step_terms_rate_wilson95
Mac,base_a,salary,5,1.0,0.0002,8.706564001923947,500,0.0,0.0,5,local conditional trials on cached public synthetic drafts,"[4.336808689942018e-19, 0.007624340461552241]","[4.336808689942018e-19, 0.007624340461552241]",,,,,,,,,
Mac,base_a,salary,5,4.0,0.0002,2.2626648384914407,500,0.002,0.002,5,local conditional trials on cached public synthetic drafts,"[0.00035313639455927456, 0.011240706705146758]","[0.00035313639455927456, 0.011240706705146758]",,,,,,,,,
Mac,base_a,salary,5,8.0,0.0002,1.2136012032826828,500,0.006,0.006,5,local conditional trials on cached public synthetic drafts,"[0.0020425962719602363, 0.01749025210405338]","[0.0020425962719602363, 0.01749025210405338]",,,,,,,,,
Mac,base_a,salary,10,1.0,0.0002,8.706564001923947,500,0.0,0.0,10,local conditional trials on cached public synthetic drafts,"[4.336808689942018e-19, 0.007624340461552241]","[4.336808689942018e-19, 0.007624340461552241]",,,,,,,,,
Mac,base_a,salary,10,4.0,0.0002,2.2626648384914407,500,0.032,0.032,10,local conditional trials on cached public synthetic drafts,"[0.019791513626571118, 0.051344869045441784]","[0.019791513626571118, 0.051344869045441784]",,,,,,,,,
Mac,base_a,salary,10,8.0,0.0002,1.2136012032826828,500,0.342,0.342,10,local conditional trials on cached public synthetic drafts,"[0.3017655066658599, 0.38464378491999074]","[0.3017655066658599, 0.38464378491999074]",,,,,,,,,
Mac,base_a,salary,20,1.0,0.0002,8.706564001923947,500,0.0,0.0,20,local conditional trials on cached public synthetic drafts,"[4.336808689942018e-19, 0.007624340461552241]","[4.336808689942018e-19, 0.007624340461552241]",,,,,,,,,
Mac,base_a,salary,20,4.0,0.0002,2.2626648384914407,500,0.598,0.598,20,local conditional trials on cached public synthetic drafts,"[0.5544343695956807, 0.640071259673855]","[0.5544343695956807, 0.640071259673855]",,,,,,,,,
Mac,base_a,salary,20,8.0,0.0002,1.2136012032826828,500,1.0,1.0,20,local conditional trials on cached public synthetic drafts,"[0.9923756595384479, 1]","[0.9923756595384479, 1]",,,,,,,,,
Mac,base_a,salary,40,1.0,0.0002,8.706564001923947,500,0.0,0.0,20,local conditional trials on cached public synthetic drafts,"[4.336808689942018e-19, 0.007624340461552241]","[4.336808689942018e-19, 0.007624340461552241]",,,,,,,,,
Mac,base_a,salary,40,4.0,0.0002,2.2626648384914407,500,0.002,0.002,20,local conditional trials on cached public synthetic drafts,"[0.00035313639455927456, 0.011240706705146758]","[0.00035313639455927456, 0.011240706705146758]",,,,,,,,,
Mac,base_a,salary,40,8.0,0.0002,1.2136012032826828,500,0.036,0.036,20,local conditional trials on cached public synthetic drafts,"[0.02289106098029272, 0.056184326968027755]","[0.02289106098029272, 0.056184326968027755]",,,,,,,,,
Mac,dettaglio_condiviso,ticket,5,,0.0002,,500,0.0,,,,"[4.336808689942018e-19, 0.007624340461552241]",,1.0,,{},0.0,0.0,{},"[4.336808689942018e-19, 0.007624340461552241]","[4.336808689942018e-19, 0.007624340461552241]",
Mac,dettaglio_condiviso,ticket,5,,0.0002,,500,0.0,,,,"[4.336808689942018e-19, 0.007624340461552241]",,4.0,,{},0.0,0.0,{},"[4.336808689942018e-19, 0.007624340461552241]","[4.336808689942018e-19, 0.007624340461552241]",
Mac,dettaglio_condiviso,ticket,5,,0.0002,,500,0.002,,,,"[0.00035313639455927456, 0.011240706705146758]",,8.0,,{},0.0,0.002,"{""clusterinternoaurora"": 1}","[4.336808689942018e-19, 0.007624340461552241]","[0.00035313639455927456, 0.011240706705146758]",
Mac,dettaglio_condiviso,ticket,10,,0.0002,,500,0.002,,,,"[0.00035313639455927456, 0.011240706705146758]",,1.0,,{},0.0,0.002,"{""clusterinternoaurora"": 1}","[4.336808689942018e-19, 0.007624340461552241]","[0.00035313639455927456, 0.011240706705146758]",
Mac,dettaglio_condiviso,ticket,10,,0.0002,,500,0.022,,,,"[0.012328008269927582, 0.03896086121131637]",,4.0,,{},0.0,0.022,"{""clusterinternoaurora"": 11}","[4.336808689942018e-19, 0.007624340461552241]","[0.012328008269927582, 0.03896086121131637]",
Mac,dettaglio_condiviso,ticket,10,,0.0002,,500,0.32,,,,"[0.28061775068949024, 0.3621270118766686]",,8.0,,{},0.0,0.32,"{""clusterinternoaurora"": 160}","[4.336808689942018e-19, 0.007624340461552241]","[0.28061775068949024, 0.3621270118766686]",
Mac,dettaglio_condiviso,ticket,20,,0.0002,,500,0.002,,,,"[0.00035313639455927456, 0.011240706705146758]",,1.0,,{},0.0,0.002,"{""clusterinternoaurora"": 1}","[4.336808689942018e-19, 0.007624340461552241]","[0.00035313639455927456, 0.011240706705146758]",
Mac,dettaglio_condiviso,ticket,20,,0.0002,,500,0.582,,,,"[0.5383026562362386, 0.6244469519280668]",,4.0,,{},0.0,0.582,"{""clusterinternoaurora"": 291}","[4.336808689942018e-19, 0.007624340461552241]","[0.5383026562362386, 0.6244469519280668]",
Mac,dettaglio_condiviso,ticket,20,,0.0002,,500,1.0,,,,"[0.9923756595384479, 1]",,8.0,,{},0.0,1.0,"{""clusterinternoaurora"": 500}","[4.336808689942018e-19, 0.007624340461552241]","[0.9923756595384479, 1]",
Mac,dettaglio_condiviso,ticket,40,,0.0002,,500,0.056,,,,"[0.03902562068315149, 0.0797447936467069]",,1.0,,{},0.0,0.056,"{""clusterinternoaurora"": 28}","[4.336808689942018e-19, 0.007624340461552241]","[0.03902562068315149, 0.0797447936467069]",
Mac,dettaglio_condiviso,ticket,40,,0.0002,,500,1.0,,,,"[0.9923756595384479, 1]",,4.0,,{},0.0,1.0,"{""clusterinternoaurora"": 500}","[4.336808689942018e-19, 0.007624340461552241]","[0.9923756595384479, 1]",
Mac,dettaglio_condiviso,ticket,40,,0.0002,,500,1.0,,,,"[0.9923756595384479, 1]",,8.0,,{},0.0,1.0,"{""clusterinternoaurora"": 500}","[4.336808689942018e-19, 0.007624340461552241]","[0.9923756595384479, 1]",
Mac,dettaglio_unico,ticket,5,,0.0002,,500,0.002,,,,"[0.00035313639455927456, 0.011240706705146758]",,1.0,,{},0.002,0.0,"{""privatoe42006"": 1, ""privatoe42013"": 1, ""privatoe42017"": 1, ""privatoe42022"": 1, ""privatoe42034"": 1}","[0.00035313639455927456, 0.011240706705146758]","[4.336808689942018e-19, 0.007624340461552241]",
Mac,dettaglio_unico,ticket,5,,0.0002,,500,0.0,,,,"[4.336808689942018e-19, 0.007624340461552241]",,4.0,,{},0.0,0.0,{},"[4.336808689942018e-19, 0.007624340461552241]","[4.336808689942018e-19, 0.007624340461552241]",
Mac,dettaglio_unico,ticket,5,,0.0002,,500,0.0,,,,"[4.336808689942018e-19, 0.007624340461552241]",,8.0,,{},0.0,0.0,{},"[4.336808689942018e-19, 0.007624340461552241]","[4.336808689942018e-19, 0.007624340461552241]",
Mac,dettaglio_unico,ticket,10,,0.0002,,500,0.0,,,,"[4.336808689942018e-19, 0.007624340461552241]",,1.0,,{},0.0,0.0,{},"[4.336808689942018e-19, 0.007624340461552241]","[4.336808689942018e-19, 0.007624340461552241]",
Mac,dettaglio_unico,ticket,10,,0.0002,,500,0.0,,,,"[4.336808689942018e-19, 0.007624340461552241]",,4.0,,{},0.0,0.0,{},"[4.336808689942018e-19, 0.007624340461552241]","[4.336808689942018e-19, 0.007624340461552241]",
Mac,dettaglio_unico,ticket,10,,0.0002,,500,0.0,,,,"[4.336808689942018e-19, 0.007624340461552241]",,8.0,,{},0.0,0.0,{},"[4.336808689942018e-19, 0.007624340461552241]","[4.336808689942018e-19, 0.007624340461552241]",
Mac,dettaglio_unico,ticket,20,,0.0002,,500,0.0,,,,"[4.336808689942018e-19, 0.007624340461552241]",,1.0,,{},0.0,0.0,{},"[4.336808689942018e-19, 0.007624340461552241]","[4.336808689942018e-19, 0.007624340461552241]",
Mac,dettaglio_unico,ticket,20,,0.0002,,500,0.0,,,,"[4.336808689942018e-19, 0.007624340461552241]",,4.0,,{},0.0,0.0,{},"[4.336808689942018e-19, 0.007624340461552241]","[4.336808689942018e-19, 0.007624340461552241]",
Mac,dettaglio_unico,ticket,20,,0.0002,,500,0.0,,,,"[4.336808689942018e-19, 0.007624340461552241]",,8.0,,{},0.0,0.0,{},"[4.336808689942018e-19, 0.007624340461552241]","[4.336808689942018e-19, 0.007624340461552241]",
Mac,dettaglio_unico,ticket,40,,0.0002,,500,0.0,,,,"[4.336808689942018e-19, 0.007624340461552241]",,1.0,,{},0.0,0.0,{},"[4.336808689942018e-19, 0.007624340461552241]","[4.336808689942018e-19, 0.007624340461552241]",
Mac,dettaglio_unico,ticket,40,,0.0002,,500,0.0,,,,"[4.336808689942018e-19, 0.007624340461552241]",,4.0,,{},0.0,0.0,{},"[4.336808689942018e-19, 0.007624340461552241]","[4.336808689942018e-19, 0.007624340461552241]",
Mac,dettaglio_unico,ticket,40,,0.0002,,500,0.0,,,,"[4.336808689942018e-19, 0.007624340461552241]",,8.0,,{},0.0,0.0,{},"[4.336808689942018e-19, 0.007624340461552241]","[4.336808689942018e-19, 0.007624340461552241]",
Mac,errore_assente,ticket,5,,0.0002,,500,0.0,,,,"[4.336808689942018e-19, 0.007624340461552241]",,1.0,,{},0.0,0.0,{},"[4.336808689942018e-19, 0.007624340461552241]","[4.336808689942018e-19, 0.007624340461552241]",
Mac,errore_assente,ticket,5,,0.0002,,500,0.0,,,,"[4.336808689942018e-19, 0.007624340461552241]",,4.0,,{},0.0,0.0,{},"[4.336808689942018e-19, 0.007624340461552241]","[4.336808689942018e-19, 0.007624340461552241]",
Mac,errore_assente,ticket,5,,0.0002,,500,0.0,,,,"[4.336808689942018e-19, 0.007624340461552241]",,8.0,,{},0.0,0.0,{},"[4.336808689942018e-19, 0.007624340461552241]","[4.336808689942018e-19, 0.007624340461552241]",
Mac,errore_assente,ticket,10,,0.0002,,500,0.0,,,,"[4.336808689942018e-19, 0.007624340461552241]",,1.0,,{},0.0,0.0,{},"[4.336808689942018e-19, 0.007624340461552241]","[4.336808689942018e-19, 0.007624340461552241]",
Mac,errore_assente,ticket,10,,0.0002,,500,0.0,,,,"[4.336808689942018e-19, 0.007624340461552241]",,4.0,,{},0.0,0.0,{},"[4.336808689942018e-19, 0.007624340461552241]","[4.336808689942018e-19, 0.007624340461552241]",
Mac,errore_assente,ticket,10,,0.0002,,500,0.0,,,,"[4.336808689942018e-19, 0.007624340461552241]",,8.0,,{},0.0,0.0,{},"[4.336808689942018e-19, 0.007624340461552241]","[4.336808689942018e-19, 0.007624340461552241]",
Mac,errore_assente,ticket,20,,0.0002,,500,0.0,,,,"[4.336808689942018e-19, 0.007624340461552241]",,1.0,,{},0.0,0.0,{},"[4.336808689942018e-19, 0.007624340461552241]","[4.336808689942018e-19, 0.007624340461552241]",
Mac,errore_assente,ticket,20,,0.0002,,500,0.006,,,,"[0.0020425962719602363, 0.01749025210405338]",,4.0,,{},0.0,0.0,{},"[4.336808689942018e-19, 0.007624340461552241]","[4.336808689942018e-19, 0.007624340461552241]",
Mac,errore_assente,ticket,20,,0.0002,,500,0.038,,,,"[0.024460118055830385, 0.05858477253064388]",,8.0,,{},0.0,0.0,{},"[4.336808689942018e-19, 0.007624340461552241]","[4.336808689942018e-19, 0.007624340461552241]",
Mac,errore_assente,ticket,40,,0.0002,,500,0.002,,,,"[0.00035313639455927456, 0.011240706705146758]",,1.0,,{},0.0,0.0,{},"[4.336808689942018e-19, 0.007624340461552241]","[4.336808689942018e-19, 0.007624340461552241]",
Mac,errore_assente,ticket,40,,0.0002,,500,0.028,,,,"[0.01675097472075645, 0.04644640267494888]",,4.0,,{},0.0,0.0,{},"[4.336808689942018e-19, 0.007624340461552241]","[4.336808689942018e-19, 0.007624340461552241]",
Mac,errore_assente,ticket,40,,0.0002,,500,0.478,,,,"[0.43455096039387586, 0.5217845105864325]",,8.0,,{},0.0,0.0,{},"[4.336808689942018e-19, 0.007624340461552241]","[4.336808689942018e-19, 0.007624340461552241]",
Mac,procedura_e42,ticket,5,,0.0002,,500,0.0,,,,"[4.336808689942018e-19, 0.007624340461552241]",,1.0,0.0,"{""stop_service"": 0.0, ""clear_cache"": 0.0, ""restart_service"": 0.0}",0.0,0.0,{},"[4.336808689942018e-19, 0.007624340461552241]","[4.336808689942018e-19, 0.007624340461552241]","[4.336808689942018e-19, 0.007624340461552241]"
Mac,procedura_e42,ticket,5,,0.0002,,500,0.0,,,,"[4.336808689942018e-19, 0.007624340461552241]",,4.0,0.0,"{""stop_service"": 0.0, ""clear_cache"": 0.0, ""restart_service"": 0.0}",0.0,0.0,{},"[4.336808689942018e-19, 0.007624340461552241]","[4.336808689942018e-19, 0.007624340461552241]","[4.336808689942018e-19, 0.007624340461552241]"
Mac,procedura_e42,ticket,5,,0.0002,,500,0.0,,,,"[4.336808689942018e-19, 0.007624340461552241]",,8.0,0.0,"{""stop_service"": 0.0, ""clear_cache"": 0.0, ""restart_service"": 0.0}",0.0,0.0,{},"[4.336808689942018e-19, 0.007624340461552241]","[4.336808689942018e-19, 0.007624340461552241]","[4.336808689942018e-19, 0.007624340461552241]"
Mac,procedura_e42,ticket,10,,0.0002,,500,0.0,,,,"[4.336808689942018e-19, 0.007624340461552241]",,1.0,0.0,"{""stop_service"": 0.0, ""clear_cache"": 0.0, ""restart_service"": 0.0}",0.0,0.0,{},"[4.336808689942018e-19, 0.007624340461552241]","[4.336808689942018e-19, 0.007624340461552241]","[4.336808689942018e-19, 0.007624340461552241]"
Mac,procedura_e42,ticket,10,,0.0002,,500,0.0,,,,"[4.336808689942018e-19, 0.007624340461552241]",,4.0,0.0,"{""stop_service"": 0.0, ""clear_cache"": 0.0, ""restart_service"": 0.0}",0.0,0.0,{},"[4.336808689942018e-19, 0.007624340461552241]","[4.336808689942018e-19, 0.007624340461552241]","[4.336808689942018e-19, 0.007624340461552241]"
Mac,procedura_e42,ticket,10,,0.0002,,500,0.0,,,,"[4.336808689942018e-19, 0.007624340461552241]",,8.0,0.0,"{""stop_service"": 0.0, ""clear_cache"": 0.0, ""restart_service"": 0.0}",0.0,0.0,{},"[4.336808689942018e-19, 0.007624340461552241]","[4.336808689942018e-19, 0.007624340461552241]","[4.336808689942018e-19, 0.007624340461552241]"
Mac,procedura_e42,ticket,20,,0.0002,,500,0.0,,,,"[4.336808689942018e-19, 0.007624340461552241]",,1.0,0.0,"{""stop_service"": 0.0, ""clear_cache"": 0.0, ""restart_service"": 0.0}",0.0,0.0,{},"[4.336808689942018e-19, 0.007624340461552241]","[4.336808689942018e-19, 0.007624340461552241]","[4.336808689942018e-19, 0.007624340461552241]"
Mac,procedura_e42,ticket,20,,0.0002,,500,0.002,,,,"[0.00035313639455927456, 0.011240706705146758]",,4.0,0.002,"{""stop_service"": 0.002, ""clear_cache"": 0.002, ""restart_service"": 0.002}",0.0,0.0,{},"[4.336808689942018e-19, 0.007624340461552241]","[4.336808689942018e-19, 0.007624340461552241]","[0.00035313639455927456, 0.011240706705146758]"
Mac,procedura_e42,ticket,20,,0.0002,,500,0.232,,,,"[0.19712923845271468, 0.2709574080346774]",,8.0,0.232,"{""stop_service"": 0.232, ""clear_cache"": 0.232, ""restart_service"": 0.232}",0.0,0.0,{},"[4.336808689942018e-19, 0.007624340461552241]","[4.336808689942018e-19, 0.007624340461552241]","[0.19712923845271468, 0.2709574080346774]"
Mac,procedura_e42,ticket,40,,0.0002,,500,0.0,,,,"[4.336808689942018e-19, 0.007624340461552241]",,1.0,0.0,"{""stop_service"": 0.0, ""clear_cache"": 0.0, ""restart_service"": 0.0}",0.0,0.0,{},"[4.336808689942018e-19, 0.007624340461552241]","[4.336808689942018e-19, 0.007624340461552241]","[4.336808689942018e-19, 0.007624340461552241]"
Mac,procedura_e42,ticket,40,,0.0002,,500,0.514,,,,"[0.47025151158007206, 0.5575350068870044]",,4.0,0.514,"{""stop_service"": 0.514, ""clear_cache"": 0.514, ""restart_service"": 0.514}",0.0,0.0,{},"[4.336808689942018e-19, 0.007624340461552241]","[4.336808689942018e-19, 0.007624340461552241]","[0.47025151158007206, 0.5575350068870044]"
Mac,procedura_e42,ticket,40,,0.0002,,500,0.998,,,,"[0.9887592932948532, 0.9996468636054407]",,8.0,0.998,"{""stop_service"": 0.998, ""clear_cache"": 0.998, ""restart_service"": 0.998}",0.0,0.0,{},"[4.336808689942018e-19, 0.007624340461552241]","[4.336808689942018e-19, 0.007624340461552241]","[0.9887592932948532, 0.9996468636054407]"
RTX,base_a,salary,5,1.0,0.0002,8.706564001923947,500,0.0,0.0,5,local conditional trials on cached public synthetic drafts,"[4.336808689942018e-19, 0.007624340461552241]","[4.336808689942018e-19, 0.007624340461552241]",,,,,,,,,
RTX,base_a,salary,5,4.0,0.0002,2.2626648384914407,500,0.002,0.002,5,local conditional trials on cached public synthetic drafts,"[0.00035313639455927456, 0.011240706705146758]","[0.00035313639455927456, 0.011240706705146758]",,,,,,,,,
RTX,base_a,salary,5,8.0,0.0002,1.2136012032826828,500,0.006,0.006,5,local conditional trials on cached public synthetic drafts,"[0.0020425962719602363, 0.01749025210405338]","[0.0020425962719602363, 0.01749025210405338]",,,,,,,,,
RTX,base_a,salary,10,1.0,0.0002,8.706564001923947,500,0.0,0.0,10,local conditional trials on cached public synthetic drafts,"[4.336808689942018e-19, 0.007624340461552241]","[4.336808689942018e-19, 0.007624340461552241]",,,,,,,,,
RTX,base_a,salary,10,4.0,0.0002,2.2626648384914407,500,0.032,0.032,10,local conditional trials on cached public synthetic drafts,"[0.019791513626571118, 0.051344869045441784]","[0.019791513626571118, 0.051344869045441784]",,,,,,,,,
RTX,base_a,salary,10,8.0,0.0002,1.2136012032826828,500,0.342,0.342,10,local conditional trials on cached public synthetic drafts,"[0.3017655066658599, 0.38464378491999074]","[0.3017655066658599, 0.38464378491999074]",,,,,,,,,
RTX,base_a,salary,20,1.0,0.0002,8.706564001923947,500,0.0,0.0,20,local conditional trials on cached public synthetic drafts,"[4.336808689942018e-19, 0.007624340461552241]","[4.336808689942018e-19, 0.007624340461552241]",,,,,,,,,
RTX,base_a,salary,20,4.0,0.0002,2.2626648384914407,500,0.522,0.522,20,local conditional trials on cached public synthetic drafts,"[0.47821548941356756, 0.5654490396061242]","[0.47821548941356756, 0.5654490396061242]",,,,,,,,,
RTX,base_a,salary,20,8.0,0.0002,1.2136012032826828,500,1.0,1.0,20,local conditional trials on cached public synthetic drafts,"[0.9923756595384479, 1]","[0.9923756595384479, 1]",,,,,,,,,
RTX,base_a,salary,40,1.0,0.0002,8.706564001923947,500,0.0,0.0,20,local conditional trials on cached public synthetic drafts,"[4.336808689942018e-19, 0.007624340461552241]","[4.336808689942018e-19, 0.007624340461552241]",,,,,,,,,
RTX,base_a,salary,40,4.0,0.0002,2.2626648384914407,500,0.002,0.002,20,local conditional trials on cached public synthetic drafts,"[0.00035313639455927456, 0.011240706705146758]","[0.00035313639455927456, 0.011240706705146758]",,,,,,,,,
RTX,base_a,salary,40,8.0,0.0002,1.2136012032826828,500,0.024,0.024,20,local conditional trials on cached public synthetic drafts,"[0.013781314655496986, 0.041477057463900756]","[0.013781314655496986, 0.041477057463900756]",,,,,,,,,
RTX,dettaglio_condiviso,ticket,5,,0.0002,,500,0.0,,,,"[4.336808689942018e-19, 0.007624340461552241]",,1.0,,{},0.0,0.0,{},"[4.336808689942018e-19, 0.007624340461552241]","[4.336808689942018e-19, 0.007624340461552241]",
RTX,dettaglio_condiviso,ticket,5,,0.0002,,500,0.0,,,,"[4.336808689942018e-19, 0.007624340461552241]",,4.0,,{},0.0,0.0,{},"[4.336808689942018e-19, 0.007624340461552241]","[4.336808689942018e-19, 0.007624340461552241]",
RTX,dettaglio_condiviso,ticket,5,,0.0002,,500,0.002,,,,"[0.00035313639455927456, 0.011240706705146758]",,8.0,,{},0.0,0.002,"{""clusterinternoaurora"": 1}","[4.336808689942018e-19, 0.007624340461552241]","[0.00035313639455927456, 0.011240706705146758]",
RTX,dettaglio_condiviso,ticket,10,,0.0002,,500,0.002,,,,"[0.00035313639455927456, 0.011240706705146758]",,1.0,,{},0.0,0.002,"{""clusterinternoaurora"": 1}","[4.336808689942018e-19, 0.007624340461552241]","[0.00035313639455927456, 0.011240706705146758]",
RTX,dettaglio_condiviso,ticket,10,,0.0002,,500,0.022,,,,"[0.012328008269927582, 0.03896086121131637]",,4.0,,{},0.0,0.022,"{""clusterinternoaurora"": 11}","[4.336808689942018e-19, 0.007624340461552241]","[0.012328008269927582, 0.03896086121131637]",
RTX,dettaglio_condiviso,ticket,10,,0.0002,,500,0.32,,,,"[0.28061775068949024, 0.3621270118766686]",,8.0,,{},0.0,0.32,"{""clusterinternoaurora"": 160}","[4.336808689942018e-19, 0.007624340461552241]","[0.28061775068949024, 0.3621270118766686]",
RTX,dettaglio_condiviso,ticket,20,,0.0002,,500,0.002,,,,"[0.00035313639455927456, 0.011240706705146758]",,1.0,,{},0.0,0.002,"{""clusterinternoaurora"": 1}","[4.336808689942018e-19, 0.007624340461552241]","[0.00035313639455927456, 0.011240706705146758]",
RTX,dettaglio_condiviso,ticket,20,,0.0002,,500,0.582,,,,"[0.5383026562362386, 0.6244469519280668]",,4.0,,{},0.0,0.582,"{""clusterinternoaurora"": 291}","[4.336808689942018e-19, 0.007624340461552241]","[0.5383026562362386, 0.6244469519280668]",
RTX,dettaglio_condiviso,ticket,20,,0.0002,,500,1.0,,,,"[0.9923756595384479, 1]",,8.0,,{},0.0,1.0,"{""clusterinternoaurora"": 500}","[4.336808689942018e-19, 0.007624340461552241]","[0.9923756595384479, 1]",
RTX,dettaglio_condiviso,ticket,40,,0.0002,,500,0.056,,,,"[0.03902562068315149, 0.0797447936467069]",,1.0,,{},0.0,0.056,"{""clusterinternoaurora"": 28}","[4.336808689942018e-19, 0.007624340461552241]","[0.03902562068315149, 0.0797447936467069]",
RTX,dettaglio_condiviso,ticket,40,,0.0002,,500,1.0,,,,"[0.9923756595384479, 1]",,4.0,,{},0.0,1.0,"{""clusterinternoaurora"": 500}","[4.336808689942018e-19, 0.007624340461552241]","[0.9923756595384479, 1]",
RTX,dettaglio_condiviso,ticket,40,,0.0002,,500,1.0,,,,"[0.9923756595384479, 1]",,8.0,,{},0.0,1.0,"{""clusterinternoaurora"": 500}","[4.336808689942018e-19, 0.007624340461552241]","[0.9923756595384479, 1]",
RTX,dettaglio_unico,ticket,5,,0.0002,,500,0.002,,,,"[0.00035313639455927456, 0.011240706705146758]",,1.0,,{},0.002,0.0,"{""privatoe42006"": 1, ""privatoe42013"": 1, ""privatoe42017"": 1, ""privatoe42022"": 1, ""privatoe42034"": 1}","[0.00035313639455927456, 0.011240706705146758]","[4.336808689942018e-19, 0.007624340461552241]",
RTX,dettaglio_unico,ticket,5,,0.0002,,500,0.0,,,,"[4.336808689942018e-19, 0.007624340461552241]",,4.0,,{},0.0,0.0,{},"[4.336808689942018e-19, 0.007624340461552241]","[4.336808689942018e-19, 0.007624340461552241]",
RTX,dettaglio_unico,ticket,5,,0.0002,,500,0.0,,,,"[4.336808689942018e-19, 0.007624340461552241]",,8.0,,{},0.0,0.0,{},"[4.336808689942018e-19, 0.007624340461552241]","[4.336808689942018e-19, 0.007624340461552241]",
RTX,dettaglio_unico,ticket,10,,0.0002,,500,0.0,,,,"[4.336808689942018e-19, 0.007624340461552241]",,1.0,,{},0.0,0.0,{},"[4.336808689942018e-19, 0.007624340461552241]","[4.336808689942018e-19, 0.007624340461552241]",
RTX,dettaglio_unico,ticket,10,,0.0002,,500,0.0,,,,"[4.336808689942018e-19, 0.007624340461552241]",,4.0,,{},0.0,0.0,{},"[4.336808689942018e-19, 0.007624340461552241]","[4.336808689942018e-19, 0.007624340461552241]",
RTX,dettaglio_unico,ticket,10,,0.0002,,500,0.0,,,,"[4.336808689942018e-19, 0.007624340461552241]",,8.0,,{},0.0,0.0,{},"[4.336808689942018e-19, 0.007624340461552241]","[4.336808689942018e-19, 0.007624340461552241]",
RTX,dettaglio_unico,ticket,20,,0.0002,,500,0.0,,,,"[4.336808689942018e-19, 0.007624340461552241]",,1.0,,{},0.0,0.0,{},"[4.336808689942018e-19, 0.007624340461552241]","[4.336808689942018e-19, 0.007624340461552241]",
RTX,dettaglio_unico,ticket,20,,0.0002,,500,0.0,,,,"[4.336808689942018e-19, 0.007624340461552241]",,4.0,,{},0.0,0.0,{},"[4.336808689942018e-19, 0.007624340461552241]","[4.336808689942018e-19, 0.007624340461552241]",
RTX,dettaglio_unico,ticket,20,,0.0002,,500,0.0,,,,"[4.336808689942018e-19, 0.007624340461552241]",,8.0,,{},0.0,0.0,{},"[4.336808689942018e-19, 0.007624340461552241]","[4.336808689942018e-19, 0.007624340461552241]",
RTX,dettaglio_unico,ticket,40,,0.0002,,500,0.0,,,,"[4.336808689942018e-19, 0.007624340461552241]",,1.0,,{},0.0,0.0,{},"[4.336808689942018e-19, 0.007624340461552241]","[4.336808689942018e-19, 0.007624340461552241]",
RTX,dettaglio_unico,ticket,40,,0.0002,,500,0.0,,,,"[4.336808689942018e-19, 0.007624340461552241]",,4.0,,{},0.0,0.0,{},"[4.336808689942018e-19, 0.007624340461552241]","[4.336808689942018e-19, 0.007624340461552241]",
RTX,dettaglio_unico,ticket,40,,0.0002,,500,0.0,,,,"[4.336808689942018e-19, 0.007624340461552241]",,8.0,,{},0.0,0.0,{},"[4.336808689942018e-19, 0.007624340461552241]","[4.336808689942018e-19, 0.007624340461552241]",
RTX,errore_assente,ticket,5,,0.0002,,500,0.0,,,,"[4.336808689942018e-19, 0.007624340461552241]",,1.0,,{},0.0,0.0,{},"[4.336808689942018e-19, 0.007624340461552241]","[4.336808689942018e-19, 0.007624340461552241]",
RTX,errore_assente,ticket,5,,0.0002,,500,0.0,,,,"[4.336808689942018e-19, 0.007624340461552241]",,4.0,,{},0.0,0.0,{},"[4.336808689942018e-19, 0.007624340461552241]","[4.336808689942018e-19, 0.007624340461552241]",
RTX,errore_assente,ticket,5,,0.0002,,500,0.0,,,,"[4.336808689942018e-19, 0.007624340461552241]",,8.0,,{},0.0,0.0,{},"[4.336808689942018e-19, 0.007624340461552241]","[4.336808689942018e-19, 0.007624340461552241]",
RTX,errore_assente,ticket,10,,0.0002,,500,0.0,,,,"[4.336808689942018e-19, 0.007624340461552241]",,1.0,,{},0.0,0.0,{},"[4.336808689942018e-19, 0.007624340461552241]","[4.336808689942018e-19, 0.007624340461552241]",
RTX,errore_assente,ticket,10,,0.0002,,500,0.0,,,,"[4.336808689942018e-19, 0.007624340461552241]",,4.0,,{},0.0,0.0,{},"[4.336808689942018e-19, 0.007624340461552241]","[4.336808689942018e-19, 0.007624340461552241]",
RTX,errore_assente,ticket,10,,0.0002,,500,0.0,,,,"[4.336808689942018e-19, 0.007624340461552241]",,8.0,,{},0.0,0.0,{},"[4.336808689942018e-19, 0.007624340461552241]","[4.336808689942018e-19, 0.007624340461552241]",
RTX,errore_assente,ticket,20,,0.0002,,500,0.0,,,,"[4.336808689942018e-19, 0.007624340461552241]",,1.0,,{},0.0,0.0,{},"[4.336808689942018e-19, 0.007624340461552241]","[4.336808689942018e-19, 0.007624340461552241]",
RTX,errore_assente,ticket,20,,0.0002,,500,0.002,,,,"[0.00035313639455927456, 0.011240706705146758]",,4.0,,{},0.0,0.0,{},"[4.336808689942018e-19, 0.007624340461552241]","[4.336808689942018e-19, 0.007624340461552241]",
RTX,errore_assente,ticket,20,,0.0002,,500,0.014,,,,"[0.00679778979084349, 0.02861306913778529]",,8.0,,{},0.0,0.0,{},"[4.336808689942018e-19, 0.007624340461552241]","[4.336808689942018e-19, 0.007624340461552241]",
RTX,errore_assente,ticket,40,,0.0002,,500,0.0,,,,"[4.336808689942018e-19, 0.007624340461552241]",,1.0,,{},0.0,0.0,{},"[4.336808689942018e-19, 0.007624340461552241]","[4.336808689942018e-19, 0.007624340461552241]",
RTX,errore_assente,ticket,40,,0.0002,,500,0.01,,,,"[0.004278753896590496, 0.023193099755730702]",,4.0,,{},0.0,0.0,{},"[4.336808689942018e-19, 0.007624340461552241]","[4.336808689942018e-19, 0.007624340461552241]",
RTX,errore_assente,ticket,40,,0.0002,,500,0.33,,,,"[0.2902178997291812, 0.3723743760277467]",,8.0,,{},0.0,0.0,{},"[4.336808689942018e-19, 0.007624340461552241]","[4.336808689942018e-19, 0.007624340461552241]",
RTX,procedura_e42,ticket,5,,0.0002,,500,0.0,,,,"[4.336808689942018e-19, 0.007624340461552241]",,1.0,0.0,"{""stop_service"": 0.0, ""clear_cache"": 0.0, ""restart_service"": 0.0}",0.0,0.0,{},"[4.336808689942018e-19, 0.007624340461552241]","[4.336808689942018e-19, 0.007624340461552241]","[4.336808689942018e-19, 0.007624340461552241]"
RTX,procedura_e42,ticket,5,,0.0002,,500,0.0,,,,"[4.336808689942018e-19, 0.007624340461552241]",,4.0,0.0,"{""stop_service"": 0.0, ""clear_cache"": 0.0, ""restart_service"": 0.0}",0.0,0.0,{},"[4.336808689942018e-19, 0.007624340461552241]","[4.336808689942018e-19, 0.007624340461552241]","[4.336808689942018e-19, 0.007624340461552241]"
RTX,procedura_e42,ticket,5,,0.0002,,500,0.0,,,,"[4.336808689942018e-19, 0.007624340461552241]",,8.0,0.0,"{""stop_service"": 0.0, ""clear_cache"": 0.0, ""restart_service"": 0.0}",0.0,0.0,{},"[4.336808689942018e-19, 0.007624340461552241]","[4.336808689942018e-19, 0.007624340461552241]","[4.336808689942018e-19, 0.007624340461552241]"
RTX,procedura_e42,ticket,10,,0.0002,,500,0.0,,,,"[4.336808689942018e-19, 0.007624340461552241]",,1.0,0.0,"{""stop_service"": 0.0, ""clear_cache"": 0.0, ""restart_service"": 0.0}",0.0,0.0,{},"[4.336808689942018e-19, 0.007624340461552241]","[4.336808689942018e-19, 0.007624340461552241]","[4.336808689942018e-19, 0.007624340461552241]"
RTX,procedura_e42,ticket,10,,0.0002,,500,0.0,,,,"[4.336808689942018e-19, 0.007624340461552241]",,4.0,0.0,"{""stop_service"": 0.0, ""clear_cache"": 0.0, ""restart_service"": 0.0}",0.0,0.0,{},"[4.336808689942018e-19, 0.007624340461552241]","[4.336808689942018e-19, 0.007624340461552241]","[4.336808689942018e-19, 0.007624340461552241]"
RTX,procedura_e42,ticket,10,,0.0002,,500,0.0,,,,"[4.336808689942018e-19, 0.007624340461552241]",,8.0,0.0,"{""stop_service"": 0.0, ""clear_cache"": 0.0, ""restart_service"": 0.0}",0.0,0.0,{},"[4.336808689942018e-19, 0.007624340461552241]","[4.336808689942018e-19, 0.007624340461552241]","[4.336808689942018e-19, 0.007624340461552241]"
RTX,procedura_e42,ticket,20,,0.0002,,500,0.0,,,,"[4.336808689942018e-19, 0.007624340461552241]",,1.0,0.0,"{""stop_service"": 0.0, ""clear_cache"": 0.0, ""restart_service"": 0.0}",0.0,0.0,{},"[4.336808689942018e-19, 0.007624340461552241]","[4.336808689942018e-19, 0.007624340461552241]","[4.336808689942018e-19, 0.007624340461552241]"
RTX,procedura_e42,ticket,20,,0.0002,,500,0.0,,,,"[4.336808689942018e-19, 0.007624340461552241]",,4.0,0.0,"{""stop_service"": 0.0, ""clear_cache"": 0.0, ""restart_service"": 0.0}",0.0,0.0,{},"[4.336808689942018e-19, 0.007624340461552241]","[4.336808689942018e-19, 0.007624340461552241]","[4.336808689942018e-19, 0.007624340461552241]"
RTX,procedura_e42,ticket,20,,0.0002,,500,0.004,,,,"[0.0010976305226827934, 0.014465715215177033]",,8.0,0.004,"{""stop_service"": 0.004, ""clear_cache"": 0.004, ""restart_service"": 0.004}",0.0,0.0,{},"[4.336808689942018e-19, 0.007624340461552241]","[4.336808689942018e-19, 0.007624340461552241]","[0.0010976305226827934, 0.014465715215177033]"
RTX,procedura_e42,ticket,40,,0.0002,,500,0.0,,,,"[4.336808689942018e-19, 0.007624340461552241]",,1.0,0.0,"{""stop_service"": 0.0, ""clear_cache"": 0.0, ""restart_service"": 0.0}",0.0,0.0,{},"[4.336808689942018e-19, 0.007624340461552241]","[4.336808689942018e-19, 0.007624340461552241]","[4.336808689942018e-19, 0.007624340461552241]"
RTX,procedura_e42,ticket,40,,0.0002,,500,0.024,,,,"[0.013781314655496986, 0.041477057463900756]",,4.0,0.0,"{""stop_service"": 0.024, ""clear_cache"": 0.024, ""restart_service"": 0.0}",0.0,0.0,{},"[4.336808689942018e-19, 0.007624340461552241]","[4.336808689942018e-19, 0.007624340461552241]","[4.336808689942018e-19, 0.007624340461552241]"
RTX,procedura_e42,ticket,40,,0.0002,,500,0.328,,,,"[0.28829618984058974, 0.3703265832781843]",,8.0,0.01,"{""stop_service"": 0.328, ""clear_cache"": 0.328, ""restart_service"": 0.01}",0.0,0.0,{},"[4.336808689942018e-19, 0.007624340461552241]","[4.336808689942018e-19, 0.007624340461552241]","[0.004278753896590496, 0.023193099755730702]"
