platform,phase,corpus,case,variant,epsilon,delta_ptr,sla_s,runs,n_mean,mae_s,signed_error_s,planning_mae_s,planning_underestimates,violations,max_overrun_s,release_count,evaluable,success,success_within_sla,e42_strict,e42_no_material_extra,violation_wilson95_exploratory,request_s_mean,edge_s_mean,cloud_s_mean,expected_s_mean,planning_s_mean
Confronto,confronto,ticket,procedura_e42,direct_refresh,8,0.01,15.0,5,29.8,3.69696339572353,2.65280416031795,3.855384725512704,2,2,4.677435747988056,3,5,3,3,0,1,"[0.11762077423264783, 0.769275718723987]",14.42827046799648,3.8261135161999844,10.593773247799254,11.775466307678531,14.886600327750784
Confronto,confronto,ticket,procedura_e42,direct_refresh,8,0.01,30.0,5,40,2.244951983739156,-1.7226289527180287,5.164280884424807,0,0,0,5,5,5,5,0,3,"[0, 0.43448246478317476]",12.259186439603218,5.241633893401013,7.004831377998926,13.981815392321247,17.423467324028024
Confronto,confronto,ticket,procedura_e42,direct_static,8,0.01,15.0,5,31,1.206795783939015,0.539092874169486,2.545874728585477,0,0,0,2,5,2,2,0,0,"[0, 0.43448246478317476]",12.309776496596168,3.995195830799639,8.305844016402261,11.770683622426683,14.855651225181646
Confronto,confronto,ticket,procedura_e42,direct_static,8,0.01,30.0,5,40,1.806126541453219,-1.806126541453219,5.187389945233008,0,0,0,4,5,3,3,1,1,"[0, 0.43448246478317476]",11.930282499000896,5.160915357802878,6.760959776400705,13.736409040454115,17.117672444233904
Confronto,confronto,ticket,procedura_e42,fixed_20,8,0.01,15.0,5,20,2.420256642276461,2.420256642276461,1.544773848069599,1,1,0.1964641240047058,1,5,0,0,0,0,"[0.03622410863243014, 0.6244653702374747]",11.788386976002949,2.5500844510039316,9.226796833996195,9.368130333726487,12.090958624117775
Confronto,confronto,ticket,procedura_e42,fixed_20,8,0.01,30.0,5,20,4.2816656589624476,3.688848065873997,3.5735667531756916,3,0,0,2,5,2,2,0,0,"[0, 0.43448246478317476]",13.056978399600485,2.613084035803331,10.43241727160057,9.368130333726487,12.090958624117775
Confronto,confronto,ticket,procedura_e42,legacy,8,0.01,15.0,5,40,2.1661063642258567,2.1661063642258567,2.1661063642258567,5,1,0.048755894997157156,4,5,3,3,1,2,"[0.03622410863243014, 0.6244653702374747]",12.357248821400571,5.147602098996868,7.198467276000883,10.191142457174715,10.191142457174715
Confronto,confronto,ticket,procedura_e42,legacy,8,0.01,30.0,5,40,2.2421217748917432,1.7972870920220199,2.2421217748917432,4,0,0,5,5,3,3,1,1,"[0, 0.43448246478317476]",11.988429549196734,5.156879862595815,6.820835526002338,10.191142457174715,10.191142457174715
Mac,B_cloud,ticket,procedura_e42,k_0,4,0.0001,5.380280017080655,10,0,8.825826866599163,8.825826866599163,8.825826866599163,10,10,13.493521774919795,0,10,0,0,0,0,"[0.7224672001371107, 0.9999999999999999]",11.161530366599981,0.0,11.16110110010086,2.335703500000818,2.335703500000818
Mac,B_cloud,ticket,procedura_e42,k_0.1,4,0.0001,5.380280017080655,10,0,10.482189295799618,10.482189295799618,10.482189295799618,10,10,27.61190314991924,0,10,0,0,0,0,"[0.7224672001371107, 0.9999999999999999]",12.817892795800436,0.0,12.817402416500409,2.335703500000818,2.335703500000818
Mac,B_cloud,ticket,procedura_e42,k_0.25,4,0.0001,5.380280017080655,10,5,6.91298292041953,6.91298292041953,6.91298292041953,10,10,8.770734065918955,0,10,0,0,0,0,"[0.7224672001371107, 0.9999999999999999]",12.76040363750035,3.221559733400136,9.534583912499874,5.847420717080818,5.847420717080818
Mac,B_cloud,ticket,procedura_e42,k_0.5,4,0.0001,5.380280017080655,10,5,8.394653928619086,8.394653928619086,8.394653928619086,10,10,19.12480494091957,0,10,0,0,0,0,"[0.7224672001371107, 0.9999999999999999]",14.242074645699905,3.587404675200014,10.64921860420036,5.847420717080818,5.847420717080818
Mac,C1_cloud,squad,super_bowl,adaptive,1.0,0.0001,60.0,5,40,3.662579288160223,3.662579288160223,3.662579288160223,5,0,0,0,5,5,5,0,0,"[0, 0.43448246478317476]",34.09202052480104,30.811954483600857,3.2736767081987637,30.429441236640823,30.429441236640823
Mac,C1_cloud,squad,super_bowl,adaptive,8.0,0.01,60.0,5,40,8.294037171759292,8.294037171759292,8.294037171759292,5,0,0,5,5,4,4,0,0,"[0, 0.43448246478317476]",38.72347840840011,30.696061624800496,8.021209949997864,30.429441236640823,30.429441236640823
Mac,C1_cloud,ticket,dettaglio_unico,adaptive,8,0.01,60.0,5,40,16.137150112959088,16.137150112959088,16.137150112959088,5,0,0,0,0,0,0,0,0,"[0, 0.43448246478317476]",46.56659134959991,39.59137496680123,6.970552008400409,30.429441236640823,30.429441236640823
Mac,C1_cloud,ticket,procedura_e42,adaptive,8,0.01,60.0,5,40,37.25627217975899,37.25627217975899,37.25627217975899,5,4,20.039688749999186,5,5,5,1,0,2,"[0.37553462976252533, 0.9637758913675698]",67.6857134163998,59.85695085819971,7.8231482166003845,30.429441236640823,30.429441236640823
Mac,C3_cloud,ticket,procedura_e42,adaptive,4,0.0001,15.0,5,18,25.206874985311252,25.206874985311252,25.206874985311252,5,5,33.55114599999797,0,5,0,0,0,0,"[0.5655175352168251, 1]",40.18476046680007,27.6990916085997,12.481047108400526,14.97788548148882,14.97788548148882
Mac,C3_cloud,ticket,procedura_e42,adaptive,4,0.0001,30.0,5,39,46.07121300637576,46.07121300637576,46.07121300637576,5,5,55.25515070799884,0,5,0,0,0,0,"[0.5655175352168251, 1]",75.79831079960059,63.4894261502006,12.30399764160029,29.727097793224825,29.727097793224825
Mac,C3_cloud,ticket,procedura_e42,fixed_20,4,0.0001,15.0,5,20,24.837196348079903,24.837196348079903,24.837196348079903,5,5,35.27826199999981,0,5,0,0,0,0,"[0.5655175352168251, 1]",41.21976871640072,29.71887017500121,11.495980108201184,16.38257236832082,16.38257236832082
Mac,C3_cloud,ticket,procedura_e42,fixed_20,4,0.0001,30.0,5,20,26.617025939879984,26.617025939879984,26.617025939879984,5,5,18.54403245800131,1,5,1,0,0,0,"[0.5655175352168251, 1]",42.9995983082008,32.79259822519889,10.202483733400005,16.38257236832082,16.38257236832082
Mac,C3_cloud,ticket,procedura_e42,fixed_40,4,0.0001,15.0,5,40,38.983755363158444,38.983755363158444,38.983755363158444,5,5,62.843673667000985,2,5,2,0,0,2,"[0.5655175352168251, 1]",69.41319659979926,60.1309941169995,9.27739611680081,30.429441236640823,30.429441236640823
Mac,C3_cloud,ticket,procedura_e42,fixed_40,4,0.0001,30.0,5,40,46.968028746958325,46.968028746958325,46.968028746958325,5,5,53.9013823330024,1,5,1,0,0,0,"[0.5655175352168251, 1]",77.39746998359915,65.32184874180021,12.070363641600853,30.429441236640823,30.429441236640823
Mac,C3_high_cloud,ticket,procedura_e42,adaptive,8,0.01,15.0,5,18,18.91755396051095,18.91755396051095,18.91755396051095,5,5,26.182028084000194,4,5,4,0,0,1,"[0.5655175352168251, 1]",33.89543944199977,24.87538287520001,9.015179066598648,14.97788548148882,14.97788548148882
Mac,C3_high_cloud,ticket,procedura_e42,adaptive,8,0.01,30.0,5,39,54.57987491497464,54.57987491497464,54.57987491497464,5,5,60.94181629100058,5,5,5,0,0,1,"[0.5655175352168251, 1]",84.30697270819947,75.17867846659938,9.12317279140043,29.727097793224825,29.727097793224825
Mac,C3_high_cloud,ticket,procedura_e42,fixed_20,8,0.01,15.0,5,20,25.287770765080364,25.287770765080364,25.287770765080364,5,5,32.416526459001034,4,5,4,0,0,3,"[0.5655175352168251, 1]",41.67034313340118,33.60131479160045,8.064083433400082,16.38257236832082,16.38257236832082
Mac,C3_high_cloud,ticket,procedura_e42,fixed_20,8,0.01,30.0,5,20,27.05255260687978,27.05255260687978,27.05255260687978,5,5,17.42962954199902,3,5,3,0,0,0,"[0.5655175352168251, 1]",43.435124975200594,34.6070034252014,8.823522558200784,16.38257236832082,16.38257236832082
Mac,C3_high_cloud,ticket,procedura_e42,fixed_40,8,0.01,15.0,5,40,48.23274129675893,48.23274129675893,48.23274129675893,5,5,72.40295779200096,5,5,4,0,0,3,"[0.5655175352168251, 1]",78.66218253339976,71.29577771699914,7.361014966999937,30.429441236640823,30.429441236640823
Mac,C3_high_cloud,ticket,procedura_e42,fixed_40,8,0.01,30.0,5,40,52.61732632995818,52.61732632995818,52.61732632995818,5,5,67.80554220799968,5,5,4,0,0,2,"[0.5655175352168251, 1]",83.04676756659902,72.06437235839985,10.977873525000906,30.429441236640823,30.429441236640823
Mac,C3_offline,salary,base_t,adaptive,4,0.0001,5.0,5,6,1.4472426438958463,-1.4472426438958463,1.4472426438958463,0,0,0,0,0,0,0,0,0,"[0, 0.43448246478317476]",2.966818016600155,2.9613893583999014,0.0,4.414060660496001,4.414060660496001
Mac,C3_offline,salary,base_t,adaptive,4,0.0001,15.0,5,21,3.830703937347766,-1.3283011699367044,3.830703937347766,2,2,4.008822916999634,4,0,0,0,0,0,"[0.11762077423264783, 0.769275718723987]",13.620911141799297,13.615493933399557,0.0,14.949212311736002,14.949212311736002
Mac,C3_offline,salary,base_t,adaptive,4,0.0001,30.0,5,40,6.36566520858339,-3.8812915200399303,6.36566520858339,1,1,4.504671957998653,5,0,0,0,0,0,"[0.03622410863243014, 0.6244653702374747]",24.412446216600074,24.407107341599477,0.0,28.293737736640004,28.293737736640004
Mac,C3_offline,salary,base_t,fixed_10,4,0.0001,5.0,5,10,1.44974970476897,0.12953900743989682,1.44974970476897,3,4,4.51261704100034,0,0,0,0,0,0,"[0.37553462976252533, 0.9637758913675698]",7.3529734415998975,7.348258166600135,0.0,7.2234344341600005,7.2234344341600005
Mac,C3_offline,salary,base_t,fixed_10,4,0.0001,15.0,5,10,1.6457257784314554,-0.9717735593582544,1.6457257784314554,2,0,0,0,0,0,0,0,0,"[0, 0.43448246478317476]",6.251660874801746,6.246871616601129,0.0,7.2234344341600005,7.2234344341600005
Mac,C3_offline,salary,base_t,fixed_10,4,0.0001,30.0,5,10,1.7926963368337003,-0.7838057841607876,1.7926963368337003,2,0,0,0,0,0,0,0,0,"[0, 0.43448246478317476]",6.439628649999213,6.434588716400322,0.0,7.2234344341600005,7.2234344341600005
Mac,C3_offline,salary,base_t,fixed_20,4,0.0001,5.0,5,20,4.137206793319769,-4.137206793319769,4.137206793319769,0,5,6.26471995799875,3,0,0,0,0,0,"[0.5655175352168251, 1]",10.109662075000234,10.10433190039912,0.0,14.246868868320002,14.246868868320002
Mac,C3_offline,salary,base_t,fixed_20,4,0.0001,15.0,5,20,3.7616229236638437,-2.9716602347195877,3.7616229236638437,2,1,1.0742947920007282,3,0,0,0,0,0,"[0.03622410863243014, 0.6244653702374747]",11.275208633600414,11.270367783399706,0.0,14.246868868320002,14.246868868320002
Mac,C3_offline,salary,base_t,fixed_20,4,0.0001,30.0,5,20,3.0467308652634064,-1.9424821431196908,3.0467308652634064,2,0,0,2,0,0,0,0,0,"[0, 0.43448246478317476]",12.304386725200311,12.298721274999844,0.0,14.246868868320002,14.246868868320002
Mac,C3_offline,salary,base_t,fixed_40,4,0.0001,5.0,5,40,7.417484014327108,-3.200577803640307,7.417484014327108,2,5,29.983897166999668,5,0,0,0,0,0,"[0.5655175352168251, 1]",25.093159932999697,25.088142241599417,0.0,28.293737736640004,28.293737736640004
Mac,C3_offline,salary,base_t,fixed_40,4,0.0001,15.0,5,40,7.080142116983346,-5.598190178039921,7.080142116983346,1,5,16.998617583998566,5,0,0,0,0,0,"[0.5655175352168251, 1]",22.695547558600083,22.690766966599767,0.0,28.293737736640004,28.293737736640004
Mac,C3_offline,salary,base_t,fixed_40,4,0.0001,30.0,5,40,6.295561472127936,-3.335498395040749,6.295561472127936,2,2,3.43503525000051,5,0,0,0,0,0,"[0.11762077423264783, 0.769275718723987]",24.958239341599256,24.95312049159984,0.0,28.293737736640004,28.293737736640004
Mac,C3_offline,salary,base_t,fixed_5,4,0.0001,5.0,5,5,1.2128053682157471,-0.7628862922791413,1.2128053682157471,2,0,0,0,0,0,0,0,0,"[0, 0.43448246478317476]",2.948830924800859,2.9439136333989153,0.0,3.7117172170800004,3.7117172170800004
Mac,C3_offline,salary,base_t,fixed_5,4,0.0001,15.0,5,5,0.8746798897831767,-0.56374926668053,0.8746798897831767,3,0,0,0,0,0,0,0,0,"[0, 0.43448246478317476]",3.14796795039947,3.1423614914005156,0.0,3.7117172170800004,3.7117172170800004
Mac,C3_offline,salary,base_t,fixed_5,4,0.0001,30.0,5,5,1.4405332136490885,-1.3257701504799442,1.4405332136490885,1,0,0,0,0,0,0,0,0,"[0, 0.43448246478317476]",2.385947066600056,2.3800340999987384,0.0,3.7117172170800004,3.7117172170800004
Mac,C3_offline,ticket,procedura_e42,adaptive,4,0.0001,5.0,5,6,2.360866476300732,1.9946396147039525,2.360866476300732,3,3,4.682816583997919,0,0,0,0,0,0,"[0.2307242812760128, 0.882379225767352]",6.408700275199953,6.404225466799835,0.0,4.414060660496001,4.414060660496001
Mac,C3_offline,ticket,procedura_e42,adaptive,4,0.0001,15.0,5,21,7.904055354759182,7.35985871326532,7.904055354759182,4,4,20.362844625000434,0,0,0,0,0,0,"[0.37553462976252533, 0.9637758913675698]",22.309071025001323,22.304370958001527,0.0,14.949212311736002,14.949212311736002
Mac,C3_offline,ticket,procedura_e42,adaptive,4,0.0001,30.0,5,40,10.6285495244176,9.632362546561227,10.6285495244176,4,3,23.89625412500027,5,0,0,0,0,0,"[0.2307242812760128, 0.882379225767352]",37.92610028320123,37.92096057500021,0.0,28.293737736640004,28.293737736640004
Mac,C3_offline,ticket,procedura_e42,fixed_10,4,0.0001,5.0,5,10,4.217564832639917,4.217564832639917,4.217564832639917,5,5,9.365452999998524,0,0,0,0,0,0,"[0.5655175352168251, 1]",11.440999266799917,11.436438849999103,0.0,7.2234344341600005,7.2234344341600005
Mac,C3_offline,ticket,procedura_e42,fixed_10,4,0.0001,15.0,5,10,2.850261870231856,1.9402236324396,2.850261870231856,2,1,0.5461673329991754,0,0,0,0,0,0,"[0.03622410863243014, 0.6244653702374747]",9.1636580665996,9.158570516599138,0.0,7.2234344341600005,7.2234344341600005
Mac,C3_offline,ticket,procedura_e42,fixed_10,4,0.0001,30.0,5,10,3.619704728431765,2.422284774239532,3.619704728431765,2,0,0,0,0,0,0,0,0,"[0, 0.43448246478317476]",9.645719208399532,9.640784541799075,0.0,7.2234344341600005,7.2234344341600005
Mac,C3_offline,ticket,procedura_e42,fixed_20,4,0.0001,5.0,5,20,7.186638037408333,6.771095323280184,7.186638037408333,4,5,24.450365166001575,0,0,0,0,0,0,"[0.5655175352168251, 1]",21.017964191600186,21.010930633199315,0.0,14.246868868320002,14.246868868320002
Mac,C3_offline,ticket,procedura_e42,fixed_20,4,0.0001,15.0,5,20,6.109706123663954,5.282691298480364,6.109706123663954,2,2,13.815498749998369,0,0,0,0,0,0,"[0.11762077423264783, 0.769275718723987]",19.529560166800366,19.5249206415996,0.0,14.246868868320002,14.246868868320002
Mac,C3_offline,ticket,procedura_e42,fixed_20,4,0.0001,30.0,5,20,5.306431370808927,4.94828692348006,5.306431370808927,4,0,0,0,0,0,0,0,0,"[0, 0.43448246478317476]",19.19515579180006,19.189540691800357,0.0,14.246868868320002,14.246868868320002
Mac,C3_offline,ticket,procedura_e42,fixed_40,4,0.0001,5.0,5,40,7.809383022328309,4.46078002155965,7.809383022328309,2,5,51.619406375000835,3,0,0,0,0,0,"[0.5655175352168251, 1]",32.754517758199654,32.74836554180074,0.0,28.293737736640004,28.293737736640004
Mac,C3_offline,ticket,procedura_e42,fixed_40,4,0.0001,15.0,5,40,9.543748916216853,8.675739155160873,9.543748916216853,4,5,42.292731542002,3,0,0,0,0,0,"[0.5655175352168251, 1]",36.96947689180088,36.96183335820096,0.0,28.293737736640004,28.293737736640004
Mac,C3_offline,ticket,procedura_e42,fixed_40,4,0.0001,30.0,5,40,19.423970113158894,19.423970113158894,19.423970113158894,5,5,28.58078349999778,3,0,0,0,0,0,"[0.5655175352168251, 1]",47.7177078497989,47.71273866660049,0.0,28.293737736640004,28.293737736640004
Mac,C3_offline,ticket,procedura_e42,fixed_5,4,0.0001,5.0,5,5,2.4198959367517987,2.30978826631996,2.4198959367517987,4,3,2.9252207089994045,0,0,0,0,0,0,"[0.2307242812760128, 0.882379225767352]",6.02150548339996,6.016824183400604,0.0,3.7117172170800004,3.7117172170800004
Mac,C3_offline,ticket,procedura_e42,fixed_5,4,0.0001,15.0,5,5,1.68106188978348,1.149525082519689,1.68106188978348,3,0,0,0,0,0,0,0,0,"[0, 0.43448246478317476]",4.86124229959969,4.85635750000074,0.0,3.7117172170800004,3.7117172170800004
Mac,C3_offline,ticket,procedura_e42,fixed_5,4,0.0001,30.0,5,5,1.20340453118409,0.67875227471974,1.20340453118409,3,0,0,0,0,0,0,0,0,"[0, 0.43448246478317476]",4.39046949179974,4.385817650399986,0.0,3.7117172170800004,3.7117172170800004
Mac,D_cloud,ticket,dettaglio_condiviso,adaptive,8,0.01,60.0,5,40,12.30314508852918,6.740567105358523,12.30314508852918,2,1,0.6702340410010947,5,5,5,4,0,0,"[0.03622410863243014, 0.6244653702374747]",37.17000834199935,27.57003974140025,9.59581632479967,30.429441236640823,30.429441236640823
Mac,D_cloud,ticket,errore_assente,adaptive,8,0.01,60.0,5,40,32.31253920476129,32.31253920476129,32.31253920476129,5,3,16.000570333002543,5,5,2,1,0,0,"[0.2307242812760128, 0.882379225767352]",62.74198044140212,55.999354258200036,6.73806707499898,30.429441236640823,30.429441236640823
RTX,B_cloud,ticket,procedura_e42,k_0,4,0.0001,2.5395333684305226,10,0,9.071347597890417,9.071347597890417,9.071347597890417,10,10,11.179458822572531,0,10,0,0,0,0,"[0.7224672001371107, 0.9999999999999999]",10.991323473898229,0.0,10.99000502669951,1.9199758760078112,1.9199758760078112
RTX,B_cloud,ticket,procedura_e42,k_0.1,4,0.0001,2.5395333684305226,10,0,7.572212790792401,7.572212790792401,7.572212790792401,10,10,9.198546306562537,0,10,0,0,0,0,"[0.7224672001371107, 0.9999999999999999]",9.492188666800212,0.0,9.49105820160039,1.9199758760078112,1.9199758760078112
RTX,B_cloud,ticket,procedura_e42,k_0.25,4,0.0001,2.5395333684305226,10,5,8.68416832236752,8.68416832236752,8.68416832236752,10,10,19.220994582572065,0,10,0,0,0,0,"[0.7224672001371107, 0.9999999999999999]",11.607696865999605,0.6687330100990948,10.927612693801347,2.923528543632085,2.923528543632085
RTX,B_cloud,ticket,procedura_e42,k_0.5,4,0.0001,2.5395333684305226,10,5,8.601602007765075,8.601602007765075,8.601602007765075,10,10,10.696392781564544,0,10,0,0,0,0,"[0.7224672001371107, 0.9999999999999999]",11.52513055139716,0.7300375588019961,10.783737309598655,2.923528543632085,2.923528543632085
RTX,C1_cloud,squad,super_bowl,adaptive,1.0,0.0001,60.0,5,40,4.731143147400229,-4.731143147400229,4.731143147400229,0,0,0,0,5,5,5,0,0,"[0, 0.43448246478317476]",5.2172540696017675,2.798277062404668,2.4051016579993303,9.948397217001997,9.948397217001997
RTX,C1_cloud,squad,super_bowl,adaptive,8.0,0.01,60.0,5,40,3.565502519999444,0.4507539339966627,3.565502519999444,2,0,0,5,5,2,2,0,0,"[0, 0.43448246478317476]",10.399151150998659,2.791671750799287,7.591334042398375,9.948397217001997,9.948397217001997
RTX,C1_cloud,ticket,dettaglio_unico,adaptive,8,0.01,60.0,5,40,2.3605696756036707,-1.5325177740022753,2.3605696756036707,1,0,0,0,0,0,0,0,0,"[0, 0.43448246478317476]",8.41587944299972,2.744416634598747,5.653623130603227,9.948397217001997,9.948397217001997
RTX,C1_cloud,ticket,procedura_e42,adaptive,8,0.01,60.0,5,40,3.2233630801965263,3.1642016621938693,3.2233630801965263,4,0,0,5,5,5,5,0,2,"[0, 0.43448246478317476]",13.112598879195867,5.134088199798134,7.963201313195168,9.948397217001997,9.948397217001997
RTX,C3_cloud,ticket,procedura_e42,adaptive,4,0.0001,15.0,5,40,6.489041140997784,6.489041140997784,6.489041140997784,5,3,7.5530356939998455,0,5,0,0,0,0,"[0.2307242812760128, 0.882379225767352]",16.43743835799978,5.16334499839868,11.261671825195663,9.948397217001997,9.948397217001997
RTX,C3_cloud,ticket,procedura_e42,adaptive,4,0.0001,30.0,5,40,6.978575073001326,6.978575073001326,6.978575073001326,5,0,0,0,5,0,0,0,0,"[0, 0.43448246478317476]",16.926972290003324,5.243935001999489,11.672955603402807,9.948397217001997,9.948397217001997
RTX,C3_cloud,ticket,procedura_e42,fixed_20,4,0.0001,15.0,5,20,9.474310589691916,9.474310589691916,9.474310589691916,5,1,8.205543909993139,0,5,0,0,0,0,"[0.03622410863243014, 0.6244653702374747]",15.40849713619682,2.6427865452016706,12.750367701402865,5.934186546504904,5.934186546504904
RTX,C3_cloud,ticket,procedura_e42,fixed_20,4,0.0001,30.0,5,20,5.890074564297859,5.890074564297859,5.890074564297859,5,0,0,0,5,0,0,0,0,"[0, 0.43448246478317476]",11.824261110802762,2.58223490860255,9.23194933719642,5.934186546504904,5.934186546504904
RTX,C3_cloud,ticket,procedura_e42,fixed_40,4,0.0001,15.0,5,40,4.644740903795816,4.644740903795816,4.644740903795816,5,1,2.284340138998232,0,5,0,0,0,0,"[0.03622410863243014, 0.6244653702374747]",14.593138120797812,5.188625259601395,9.39419457379845,9.948397217001997,9.948397217001997
RTX,C3_cloud,ticket,procedura_e42,fixed_40,4,0.0001,30.0,5,40,6.932764364399833,6.932764364399833,6.932764364399833,5,0,0,0,5,0,0,0,0,"[0, 0.43448246478317476]",16.88116158140183,5.09041326920269,11.780691247800132,9.948397217001997,9.948397217001997
RTX,C3_high_cloud,ticket,procedura_e42,adaptive,8,0.01,15.0,5,40,5.4310258139964445,5.4310258139964445,5.4310258139964445,5,2,9.719012236004346,5,5,4,2,0,0,"[0.11762077423264783, 0.769275718723987]",15.379423030998442,5.126648292603204,10.242839013598859,9.948397217001997,9.948397217001997
RTX,C3_high_cloud,ticket,procedura_e42,adaptive,8,0.01,30.0,5,40,3.0045206946021663,3.0045206946021663,3.0045206946021663,5,0,0,5,5,5,5,0,4,"[0, 0.43448246478317476]",12.952917911604164,5.143762915799743,7.796520877198782,9.948397217001997,9.948397217001997
RTX,C3_high_cloud,ticket,procedura_e42,fixed_20,8,0.01,15.0,5,20,6.722729218494672,6.722729218494672,6.722729218494672,5,0,0,1,5,1,1,0,0,"[0, 0.43448246478317476]",12.656915764999576,2.622356459996081,10.018182179404539,5.934186546504904,5.934186546504904
RTX,C3_high_cloud,ticket,procedura_e42,fixed_20,8,0.01,30.0,5,20,9.313010809296568,9.313010809296568,9.313010809296568,5,0,0,2,5,2,2,1,1,"[0, 0.43448246478317476]",15.247197355801472,2.586437678799848,12.648802467397763,5.934186546504904,5.934186546504904
RTX,C3_high_cloud,ticket,procedura_e42,fixed_40,8,0.01,15.0,5,40,2.705131646799367,2.6726849084013393,2.705131646799367,4,0,0,5,5,5,5,0,2,"[0, 0.43448246478317476]",12.621082125403337,5.1727696542016925,7.438122703402769,9.948397217001997,9.948397217001997
RTX,C3_high_cloud,ticket,procedura_e42,fixed_40,8,0.01,30.0,5,40,2.5061438102019964,2.2087562321997267,2.5061438102019964,4,0,0,5,5,5,5,1,2,"[0, 0.43448246478317476]",12.157153449201724,5.1809484686004,6.96353778160119,9.948397217001997,9.948397217001997
RTX,C3_offline,salary,base_t,adaptive,4,0.0001,5.0,5,23,3.4903107634675994,-3.4903107634675994,3.4903107634675994,0,0,0,2,0,0,0,0,0,"[0, 0.43448246478317476]",1.326031507604057,1.3172950434003723,0.0,4.816342271071656,4.816342271071656
RTX,C3_offline,salary,base_t,adaptive,4,0.0001,15.0,5,40,5.9297414997949955,-5.9297414997949955,5.9297414997949955,0,0,0,5,0,0,0,0,0,"[0, 0.43448246478317476]",2.298679841199191,2.2897856140043586,0.0,8.228421340994187,8.228421340994187
RTX,C3_offline,salary,base_t,adaptive,4,0.0001,30.0,5,40,5.928496870393515,-5.928496870393515,5.928496870393515,0,0,0,5,0,0,0,0,0,"[0, 0.43448246478317476]",2.299924470600672,2.2909398428018903,0.0,8.228421340994187,8.228421340994187
RTX,C3_offline,salary,base_t,fixed_10,4,0.0001,5.0,5,10,1.6252886162476203,-1.6252886162476203,1.6252886162476203,0,0,0,0,0,0,0,0,0,"[0, 0.43448246478317476]",0.5818167190009262,0.5731294145982246,0.0,2.2071053352485466,2.2071053352485466
RTX,C3_offline,salary,base_t,fixed_10,4,0.0001,15.0,5,10,1.6277890584448174,-1.6277890584448174,1.6277890584448174,0,0,0,0,0,0,0,0,0,"[0, 0.43448246478317476]",0.5793162768037291,0.570645892599714,0.0,2.2071053352485466,2.2071053352485466
RTX,C3_offline,salary,base_t,fixed_10,4,0.0001,30.0,5,10,1.626812260646169,-1.626812260646169,1.626812260646169,0,0,0,0,0,0,0,0,0,"[0, 0.43448246478317476]",0.5802930746023776,0.5715043688018341,0.0,2.2071053352485466,2.2071053352485466
RTX,C3_offline,salary,base_t,fixed_20,4,0.0001,5.0,5,20,3.064391656694758,-3.064391656694758,3.064391656694758,0,0,0,4,0,0,0,0,0,"[0, 0.43448246478317476]",1.1498190138023348,1.1407391451997682,0.0,4.214210670497093,4.214210670497093
RTX,C3_offline,salary,base_t,fixed_20,4,0.0001,15.0,5,20,3.060597655695571,-3.060597655695571,3.060597655695571,0,0,0,2,0,0,0,0,0,"[0, 0.43448246478317476]",1.1536130148015218,1.1449229513964383,0.0,4.214210670497093,4.214210670497093
RTX,C3_offline,salary,base_t,fixed_20,4,0.0001,30.0,5,20,3.0598525214973478,-3.0598525214973478,3.0598525214973478,0,0,0,2,0,0,0,0,0,"[0, 0.43448246478317476]",1.154358148999745,1.1456319045973942,0.0,4.214210670497093,4.214210670497093
RTX,C3_offline,salary,base_t,fixed_40,4,0.0001,5.0,5,40,5.926625156397581,-5.926625156397581,5.926625156397581,0,0,0,5,0,0,0,0,0,"[0, 0.43448246478317476]",2.3017961845966055,2.2928170974046225,0.0,8.228421340994187,8.228421340994187
RTX,C3_offline,salary,base_t,fixed_40,4,0.0001,15.0,5,40,5.924251491393893,-5.924251491393893,5.924251491393893,0,0,0,5,0,0,0,0,0,"[0, 0.43448246478317476]",2.3041698496002936,2.295459485799074,0.0,8.228421340994187,8.228421340994187
RTX,C3_offline,salary,base_t,fixed_40,4,0.0001,30.0,5,40,5.934537085393909,-5.934537085393909,5.934537085393909,0,0,0,5,0,0,0,0,0,"[0, 0.43448246478317476]",2.293884255600278,2.2848217471997487,0.0,8.228421340994187,8.228421340994187
RTX,C3_offline,salary,base_t,fixed_5,4,0.0001,5.0,5,5,0.9075907724175628,-0.9075907724175628,0.9075907724175628,0,0,0,0,0,0,0,0,0,"[0, 0.43448246478317476]",0.29596189520671035,0.2874875541980145,0.0,1.2035526676242732,1.2035526676242732
RTX,C3_offline,salary,base_t,fixed_5,4,0.0001,15.0,5,5,0.9091740594268337,-0.9091740594268337,0.9091740594268337,0,0,0,0,0,0,0,0,0,"[0, 0.43448246478317476]",0.29437860819743944,0.2857626850018278,0.0,1.2035526676242732,1.2035526676242732
RTX,C3_offline,salary,base_t,fixed_5,4,0.0001,30.0,5,5,0.9104379822231855,-0.9104379822231855,0.9104379822231855,0,0,0,0,0,0,0,0,0,"[0, 0.43448246478317476]",0.29311468540108765,0.2841178184025921,0.0,1.2035526676242732,1.2035526676242732
RTX,C3_offline,ticket,procedura_e42,adaptive,4,0.0001,5.0,5,23,1.8763972734730063,-1.8763972734730063,1.8763972734730063,0,0,0,0,0,0,0,0,0,"[0, 0.43448246478317476]",2.93994499759865,2.9315976984013106,0.0,4.816342271071656,4.816342271071656
RTX,C3_offline,ticket,procedura_e42,adaptive,4,0.0001,15.0,5,40,3.0489263867938416,-3.0489263867938416,3.0489263867938416,0,0,0,1,0,0,0,0,0,"[0, 0.43448246478317476]",5.1794949542003454,5.1706849087990125,0.0,8.228421340994187,8.228421340994187
RTX,C3_offline,ticket,procedura_e42,adaptive,4,0.0001,30.0,5,40,3.0778770755897265,-3.0778770755897265,3.0778770755897265,0,0,0,0,0,0,0,0,0,"[0, 0.43448246478317476]",5.15054426540446,5.141762741003186,0.0,8.228421340994187,8.228421340994187
RTX,C3_offline,ticket,procedura_e42,fixed_10,4,0.0001,5.0,5,10,0.9495477882521515,-0.9495477882521515,0.9495477882521515,0,0,0,0,0,0,0,0,0,"[0, 0.43448246478317476]",1.257557546996395,1.2493460087978747,0.0,2.2071053352485466,2.2071053352485466
RTX,C3_offline,ticket,procedura_e42,fixed_10,4,0.0001,15.0,5,10,0.9407395728443804,-0.9407395728443804,0.9407395728443804,0,0,0,0,0,0,0,0,0,"[0, 0.43448246478317476]",1.2663657624041662,1.2581654048000928,0.0,2.2071053352485466,2.2071053352485466
RTX,C3_offline,ticket,procedura_e42,fixed_10,4,0.0001,30.0,5,10,0.9281975102511056,-0.9281975102511056,0.9281975102511056,0,0,0,0,0,0,0,0,0,"[0, 0.43448246478317476]",1.2789078249974408,1.271023891196819,0.0,2.2071053352485466,2.2071053352485466
RTX,C3_offline,ticket,procedura_e42,fixed_20,4,0.0001,5.0,5,20,1.624370218700321,-1.624370218700321,1.624370218700321,0,0,0,0,0,0,0,0,0,"[0, 0.43448246478317476]",2.589840451796772,2.5811520677962108,0.0,4.214210670497093,4.214210670497093
RTX,C3_offline,ticket,procedura_e42,fixed_20,4,0.0001,15.0,5,20,1.6655990560921483,-1.6655990560921483,1.6655990560921483,0,0,0,0,0,0,0,0,0,"[0, 0.43448246478317476]",2.548611614404945,2.540127193200169,0.0,4.214210670497093,4.214210670497093
RTX,C3_offline,ticket,procedura_e42,fixed_20,4,0.0001,30.0,5,20,1.6777120078976142,-1.6777120078976142,1.6777120078976142,0,0,0,0,0,0,0,0,0,"[0, 0.43448246478317476]",2.5364986625994788,2.5277922188019146,0.0,4.214210670497093,4.214210670497093
RTX,C3_offline,ticket,procedura_e42,fixed_40,4,0.0001,5.0,5,40,3.129266742786508,-3.129266742786508,3.129266742786508,0,5,0.2563605410105083,1,0,0,0,0,0,"[0.5655175352168251, 1]",5.0991545982076785,5.090298133000033,0.0,8.228421340994187,8.228421340994187
RTX,C3_offline,ticket,procedura_e42,fixed_40,4,0.0001,15.0,5,40,3.108454386198077,-3.108454386198077,3.108454386198077,0,0,0,0,0,0,0,0,0,"[0, 0.43448246478317476]",5.1199669547961095,5.1112296309991505,0.0,8.228421340994187,8.228421340994187
RTX,C3_offline,ticket,procedura_e42,fixed_40,4,0.0001,30.0,5,40,3.0758362211935446,-3.0758362211935446,3.0758362211935446,0,0,0,1,0,0,0,0,0,"[0, 0.43448246478317476]",5.1525851198006425,5.1440412972006015,0.0,8.228421340994187,8.228421340994187
RTX,C3_offline,ticket,procedura_e42,fixed_5,4,0.0001,5.0,5,5,0.5928981118188964,-0.5928981118188964,0.5928981118188964,0,0,0,0,0,0,0,0,0,"[0, 0.43448246478317476]",0.6106545558053768,0.6025398584024515,0.0,1.2035526676242732,1.2035526676242732
RTX,C3_offline,ticket,procedura_e42,fixed_5,4,0.0001,15.0,5,5,0.5585448082239161,-0.5585448082239161,0.5585448082239161,0,0,0,0,0,0,0,0,0,"[0, 0.43448246478317476]",0.6450078594003571,0.6369644639955367,0.0,1.2035526676242732,1.2035526676242732
RTX,C3_offline,ticket,procedura_e42,fixed_5,4,0.0001,30.0,5,5,0.5354311980242634,-0.5354311980242634,0.5354311980242634,0,0,0,0,0,0,0,0,0,"[0, 0.43448246478317476]",0.6681214696000097,0.6596544688014546,0.0,1.2035526676242732,1.2035526676242732
RTX,D_cloud,ticket,dettaglio_condiviso,adaptive,8,0.01,60.0,5,40,3.8696692055972504,-3.8696692055972504,3.8696692055972504,0,0,0,5,5,4,4,0,0,"[0, 0.43448246478317476]",6.078728011404746,2.342401514999801,3.725092131999554,9.948397217001997,9.948397217001997
RTX,D_cloud,ticket,errore_assente,adaptive,8,0.01,60.0,5,40,1.6976386163958352,-0.5261053680013845,1.6976386163958352,3,0,0,5,5,3,3,0,0,"[0, 0.43448246478317476]",9.422291849000612,4.305948614800582,5.10646693239687,9.948397217001997,9.948397217001997
